City_ID,City,Country,Date,lat,lng,Max Temp,Humidity,Cloudiness,Wind Speed
0,Labuhan,ID,2022-12-07 17:09:10,-6.8844,112.2051,80.47,77,100,2.91
1,Itarema,BR,2022-12-07 17:07:09,-2.9248,-39.9167,88.05,57,39,18.54
2,Cine,TR,2022-12-07 17:09:11,37.6117,28.0614,49.41,80,99,1.3
3,Portland,US,2022-12-07 17:02:55,45.5234,-122.6762,40.95,90,100,4.61
4,Malaryta,BY,2022-12-07 17:09:12,51.7905,24.074,33.3,98,100,11.54
5,Albany,US,2022-12-07 17:00:38,42.6001,-73.9662,57.38,90,100,1.01
6,Atuona,PF,2022-12-07 17:09:12,-9.8,-139.0333,77.32,77,35,19.8
7,Imbituba,BR,2022-12-07 17:09:13,-28.24,-48.6703,76.5,69,4,11.79
8,Henties Bay,NA,2022-12-07 17:09:13,-22.116,14.2845,61.38,79,1,12.21
9,Busselton,AU,2022-12-07 17:09:14,-33.65,115.3333,63.19,67,95,14.74
10,Fukue,JP,2022-12-07 17:09:14,32.6881,128.8419,55.06,56,1,15.77
11,Bouar,CF,2022-12-07 17:09:15,5.934,15.596,76.64,27,72,4.74
12,Mossendjo,CG,2022-12-07 17:09:15,-2.9506,12.7261,71.11,94,100,0.92
13,Barrow,US,2022-12-07 17:09:15,71.2906,-156.7887,12.22,85,100,21.85
14,Laguna,US,2022-12-07 17:09:16,38.421,-121.4238,48.78,95,0,0.0
15,Coquimbo,CL,2022-12-07 17:09:16,-29.9533,-71.3436,65.93,72,75,9.22
16,Rikitea,PF,2022-12-07 17:09:17,-23.1203,-134.9692,75.02,81,27,17.81
17,Gizo,SB,2022-12-07 17:09:17,-8.103,156.8419,81.93,76,95,6.53
18,Pisco,PE,2022-12-07 17:09:18,-13.7,-76.2167,69.85,78,20,10.36
19,Ushuaia,AR,2022-12-07 17:09:18,-54.8,-68.3,47.82,49,40,26.46
20,New Norfolk,AU,2022-12-07 17:09:19,-42.7826,147.0587,49.5,72,95,1.01
21,Mar Del Plata,AR,2022-12-07 17:09:19,-38.0023,-57.5575,86.83,81,0,20.0
22,San Francisco,US,2022-12-07 16:55:02,37.7749,-122.4194,50.31,92,20,4.0
23,Taoudenni,ML,2022-12-07 17:09:19,22.6783,-3.9836,90.01,13,21,2.95
24,Kulhudhuffushi,MV,2022-12-07 17:09:20,6.6221,73.07,80.98,74,68,5.3
25,Arraial Do Cabo,BR,2022-12-07 17:09:20,-22.9661,-42.0278,76.86,78,75,8.05
26,Katsuura,JP,2022-12-07 17:09:21,35.1333,140.3,44.62,63,30,7.0
27,Bethel,US,2022-12-07 17:04:17,41.3712,-73.414,58.33,88,100,4.12
28,Hobart,AU,2022-12-07 17:09:21,-42.8794,147.3294,49.86,83,100,12.66
29,Hofn,IS,2022-12-07 17:09:22,64.2539,-15.2082,28.42,54,20,20.71
30,Court-Saint-Etienne,BE,2022-12-07 17:09:22,50.6167,4.5667,40.42,93,75,5.75
31,Adrar,MR,2022-12-07 17:09:23,20.5022,-10.0711,88.81,25,13,3.67
32,Tiksi,RU,2022-12-07 17:09:23,71.6872,128.8694,-11.52,99,100,7.34
33,Jamestown,US,2022-12-07 17:05:38,42.097,-79.2353,47.01,77,100,6.91
34,Rockport,US,2022-12-07 17:09:24,28.0206,-97.0544,80.62,90,75,11.5
35,Nikolskoye,RU,2022-12-07 17:09:24,59.7035,30.7861,22.91,86,100,11.97
36,Srednekolymsk,RU,2022-12-07 17:09:25,67.45,153.6833,-34.51,90,76,7.36
37,Moranbah,AU,2022-12-07 17:09:25,-22.0016,148.0466,79.5,51,0,12.26
38,Boyabat,TR,2022-12-07 17:09:16,41.4689,34.7667,45.03,64,47,0.78
39,Dikson,RU,2022-12-07 17:09:26,73.5069,80.5464,-12.48,92,95,20.94
40,Goderich,CA,2022-12-07 17:09:26,43.7501,-81.7165,42.91,83,93,2.75
41,Wakefield,GB,2022-12-07 17:09:27,53.6809,-1.499,36.5,80,11,1.99
42,Namibe,AO,2022-12-07 17:09:27,-15.1961,12.1522,70.83,76,16,8.25
43,Methoni,GR,2022-12-07 17:09:28,36.8197,21.7049,59.22,84,47,12.55
44,Cao Bang,VN,2022-12-07 17:09:28,22.6667,106.25,56.14,82,100,1.52
45,Cape Town,ZA,2022-12-07 17:10:29,-33.9258,18.4232,74.37,57,1,5.01
46,Cidreira,BR,2022-12-07 17:10:29,-30.1811,-50.2056,74.44,67,0,7.99
47,Kodiak,US,2022-12-07 17:10:31,57.79,-152.4072,33.31,55,0,28.77
48,Bluff,NZ,2022-12-07 17:10:32,-46.6,168.3333,52.39,77,100,9.89
49,Killarney,IE,2022-12-07 17:10:34,52.05,-9.5167,35.65,80,0,0.0
50,Puerto Ayora,EC,2022-12-07 17:10:34,-0.7393,-90.3518,76.96,92,57,5.99
51,Independence,US,2022-12-07 17:07:52,39.0911,-94.4155,48.11,67,100,3.44
52,Guerrero Negro,MX,2022-12-07 17:10:35,27.9769,-114.0611,63.7,61,1,14.76
53,Port Elizabeth,ZA,2022-12-07 17:10:35,-33.918,25.5701,72.1,88,1,8.99
54,Bredasdorp,ZA,2022-12-07 17:10:36,-34.5322,20.0403,68.07,66,2,11.16
55,Victoria,HK,2022-12-07 17:09:34,22.2855,114.1577,66.25,79,31,3.0
56,Hermanus,ZA,2022-12-07 17:10:37,-34.4187,19.2345,68.81,78,0,6.98
57,Vaini,TO,2022-12-07 17:10:37,-21.2,-175.2,78.62,84,91,7.2
58,Tuatapere,NZ,2022-12-07 17:10:38,-46.1333,167.6833,52.75,82,100,4.92
59,Mbigou,GA,2022-12-07 17:10:38,-1.9005,11.906,70.11,93,100,2.33
60,Punta Arenas,CL,2022-12-07 17:10:39,-53.15,-70.9167,53.71,32,20,12.66
61,Port Alfred,ZA,2022-12-07 17:10:40,-33.5906,26.891,70.18,90,0,4.0
62,Avarua,CK,2022-12-07 17:10:40,-21.2078,-159.775,75.25,94,100,12.66
63,Buritizeiro,BR,2022-12-07 17:10:41,-17.3511,-44.9622,87.17,50,86,3.58
64,Saskylakh,RU,2022-12-07 17:10:41,71.9167,114.0833,-41.94,100,55,3.44
65,Staryy Nadym,RU,2022-12-07 17:10:42,65.6118,72.6842,10.69,88,100,14.0
66,Hithadhoo,MV,2022-12-07 17:10:42,-0.6,73.0833,81.81,75,89,9.95
67,Sawtell,AU,2022-12-07 17:10:43,-30.3833,153.1,69.82,88,75,6.91
68,Gat,IL,2022-12-07 17:10:43,31.61,34.7642,65.08,100,36,3.09
69,Rawson,AR,2022-12-07 17:06:20,-43.3002,-65.1023,74.88,38,100,5.32
70,Mataura,NZ,2022-12-07 17:10:44,-46.1927,168.8643,46.63,88,99,4.0
71,Ilhabela,BR,2022-12-07 17:10:45,-23.7781,-45.3581,79.32,81,34,7.45
72,Avera,US,2022-12-07 17:10:45,33.194,-82.5271,73.38,73,30,8.48
73,Fortuna,US,2022-12-07 17:10:45,40.5982,-124.1573,39.92,96,100,9.22
74,Ambilobe,MG,2022-12-07 17:10:46,-13.2,49.05,78.21,77,79,3.49
75,Saint George,US,2022-12-07 17:05:50,37.1041,-113.5841,39.79,87,100,6.91
76,Kaeo,NZ,2022-12-07 17:10:46,-35.1,173.7833,59.23,95,100,19.39
77,Cockburn Town,TC,2022-12-07 17:10:46,21.4612,-71.1419,77.83,56,35,17.05
78,Kununurra,AU,2022-12-07 17:10:47,-15.7667,128.7333,80.58,83,75,8.05
79,Rio Grande,BR,2022-12-07 17:10:47,-32.035,-52.0986,86.11,64,0,11.54
80,Lebu,CL,2022-12-07 17:10:48,-37.6167,-73.65,64.29,78,100,15.26
81,Thompson,CA,2022-12-07 17:10:48,55.7435,-97.8558,-13.99,90,100,7.67
82,Ribeira Grande,PT,2022-12-07 17:10:48,38.5167,-28.7,59.4,77,40,25.32
83,Cabo San Lucas,MX,2022-12-07 17:10:10,22.8909,-109.9124,82.51,74,20,0.0
84,Surt,LY,2022-12-07 17:10:49,31.2089,16.5887,73.6,36,79,12.55
85,Qaanaaq,GL,2022-12-07 17:10:49,77.484,-69.3632,23.34,69,75,23.96
86,Vanavara,RU,2022-12-07 17:10:49,60.34,102.2797,13.46,89,100,13.85
87,Butaritari,KI,2022-12-07 17:10:50,3.0707,172.7902,80.15,81,93,12.5
88,Ouargaye,BF,2022-12-07 17:10:50,11.5033,0.0572,90.57,14,37,6.8
89,Dalmatovo,RU,2022-12-07 17:10:51,56.26,62.9362,1.4,93,11,8.97
90,Upernavik,GL,2022-12-07 17:11:51,72.7868,-56.1549,23.14,72,98,9.6
91,Biak,ID,2022-12-07 17:11:52,-0.9131,122.8766,75.99,68,79,2.13
92,Lompoc,US,2022-12-07 17:11:52,34.6391,-120.4579,52.59,93,0,8.05
93,Bani Walid,LY,2022-12-07 17:11:52,31.7566,13.9942,68.54,30,64,11.5
94,Igarka,RU,2022-12-07 17:11:52,67.4667,86.5833,9.48,92,100,13.29
95,Nakasongola,UG,2022-12-07 17:11:53,1.3089,32.4564,70.77,70,89,2.51
96,Georgetown,MY,2022-12-07 16:59:41,5.4112,100.3354,81.23,92,20,0.0
97,Jinchang,CN,2022-12-07 17:11:53,38.4953,102.1739,23.4,58,100,3.42
98,Rabo De Peixe,PT,2022-12-07 17:11:54,37.8,-25.5833,58.51,100,75,33.38
99,Bad Goisern,AT,2022-12-07 17:11:54,47.6425,13.6161,35.37,100,98,1.19
100,Fredericton,CA,2022-12-07 17:00:09,45.9454,-66.6656,40.84,100,100,6.91
101,Khatanga,RU,2022-12-07 17:11:54,71.9667,102.5,-28.66,90,16,13.29
102,Aras,ES,2022-12-07 17:11:55,42.5617,-2.356,51.73,82,20,1.14
103,Petrovsk,RU,2022-12-07 17:09:09,52.3064,45.3917,9.55,76,2,10.16
104,Iracoubo,GF,2022-12-07 17:11:55,5.4802,-53.2011,84.79,67,7,10.96
105,Yurkivka,UA,2022-12-07 17:11:56,49.0126,31.1013,34.56,98,100,9.91
106,Hasaki,JP,2022-12-07 17:11:56,35.7333,140.8333,41.4,51,35,11.21
107,Saint-Philippe,RE,2022-12-07 17:11:56,-21.3585,55.7679,78.39,86,36,13.09
108,Mundo Nuevo,MX,2022-12-07 17:11:57,18.7,-95.5,76.82,78,57,6.29
109,Hilo,US,2022-12-07 17:11:57,19.7297,-155.09,72.25,93,20,5.75
110,Luderitz,NA,2022-12-07 17:11:57,-26.6481,15.1594,64.29,71,0,19.24
111,Sao Joao Da Barra,BR,2022-12-07 17:11:58,-21.6403,-41.0511,80.69,91,100,12.53
112,Linhares,BR,2022-12-07 17:11:58,-19.3911,-40.0722,74.39,88,100,3.47
113,Buta,CD,2022-12-07 17:11:58,2.7858,24.73,78.87,61,90,1.19
114,Yomou,GN,2022-12-07 17:11:59,7.5603,-9.2653,86.54,50,34,2.57
115,Sakakah,SA,2022-12-07 17:11:59,29.9697,40.2064,60.3,56,21,8.52
116,Geraldton,AU,2022-12-07 17:11:59,-28.7667,114.6,68.41,77,100,11.5
117,Sur,OM,2022-12-07 17:11:59,22.5667,59.5289,73.36,57,0,1.83
118,Torbay,CA,2022-12-07 17:12:00,47.6666,-52.7314,41.76,97,100,9.22
119,Harper,LR,2022-12-07 17:12:00,4.375,-7.7169,81.48,77,63,5.14
120,Iqaluit,CA,2022-12-07 17:12:01,63.7506,-68.5145,0.43,91,90,2.53
121,Juneau,US,2022-12-07 17:10:35,58.3019,-134.4197,39.22,97,100,17.27
122,Lorengau,PG,2022-12-07 17:12:01,-2.0226,147.2712,78.31,85,99,7.31
123,Xining,CN,2022-12-07 17:12:02,36.6167,101.7667,24.67,66,100,1.68
124,Yellowknife,CA,2022-12-07 17:12:02,62.456,-114.3525,-21.44,74,100,5.99
125,Seddon,AU,2022-12-07 17:12:03,-37.8068,144.8916,51.98,74,0,12.66
126,Carapegua,PY,2022-12-07 17:12:04,-25.8,-57.2333,98.22,29,14,4.68
127,Chokurdakh,RU,2022-12-07 17:12:04,70.6333,147.9167,-7.35,99,100,4.16
128,Beringovskiy,RU,2022-12-07 17:12:04,63.05,179.3167,9.0,68,2,10.87
129,Mandalgovi,MN,2022-12-07 17:08:08,45.7625,106.2708,8.92,52,0,5.7
130,Ler,SS,2022-12-07 17:12:05,8.3018,30.1418,83.98,29,15,4.34
131,Alibunar,RS,2022-12-07 17:12:06,45.0808,20.9658,42.8,92,100,5.68
132,Muros,ES,2022-12-07 17:12:06,42.7762,-9.0603,58.14,81,94,6.13
133,Esperance,AU,2022-12-07 17:11:08,-33.8667,121.9,58.91,71,26,19.64
134,Alofi,NU,2022-12-07 17:11:52,-19.0595,-169.9187,79.77,79,100,11.14
135,San Carlos,VE,2022-12-07 17:12:07,9.6612,-68.5827,90.0,33,56,2.33
136,Yarmolyntsi,UA,2022-12-07 17:12:07,49.1924,26.8373,29.16,97,61,5.1
137,Bandarbeyla,SO,2022-12-07 17:12:08,9.4942,50.8122,78.22,75,36,14.54
138,Saint-Augustin,CA,2022-12-07 17:13:08,51.226,-58.6502,30.99,86,100,7.31
139,Sungairaya,ID,2022-12-07 17:13:09,0.7,108.9,79.2,81,100,3.0
140,Naantali,FI,2022-12-07 17:13:09,60.4674,22.0243,29.07,93,0,5.75
141,Leningradskiy,RU,2022-12-07 17:13:10,69.3833,178.4167,-4.9,99,56,5.7
142,Dogondoutchi,NE,2022-12-07 17:13:10,13.6393,4.0287,86.58,14,0,9.62
143,Anadyr,RU,2022-12-07 17:13:11,64.75,177.4833,1.9,71,0,6.71
144,Margate,GB,2022-12-07 17:13:12,51.3813,1.3862,38.88,87,75,5.99
145,Stonewall,CA,2022-12-07 17:13:12,50.1344,-97.3268,-14.3,86,12,6.35
146,Dukat,RU,2022-12-07 17:13:13,62.55,155.55,-12.41,90,100,0.85
147,Svetlaya,RU,2022-12-07 17:13:13,46.5389,138.3297,13.33,72,27,5.64
148,Kapaa,US,2022-12-07 17:13:14,22.0752,-159.319,79.12,79,40,18.41
149,East London,ZA,2022-12-07 17:12:16,-33.0153,27.9116,73.6,87,0,14.65
150,Tilichiki,RU,2022-12-07 17:13:14,60.4667,166.1,1.98,97,71,6.17
151,Chama,CH,2022-12-07 17:13:15,47.1821,8.4636,39.38,93,100,0.0
152,Talnakh,RU,2022-12-07 17:13:15,69.4865,88.3972,5.81,97,100,7.94
153,Guerrero,MX,2022-12-07 17:13:16,17.6667,-100.0,77.31,46,5,3.74
154,Sistranda,NO,2022-12-07 17:13:16,63.7256,8.834,37.36,68,100,19.55
155,Terrace,CA,2022-12-07 17:13:17,54.5163,-128.6035,31.48,97,100,0.92
156,Poitiers,FR,2022-12-07 17:12:29,46.5833,0.3333,39.61,70,100,9.22
157,San Cristobal,VE,2022-12-07 17:10:10,7.7669,-72.225,73.58,49,23,3.42
158,Muisne,EC,2022-12-07 17:13:17,0.6,-80.0333,77.47,75,98,11.97
159,Aransas Pass,US,2022-12-07 17:13:18,27.9095,-97.15,80.6,86,40,11.5
160,Polovinnoye,RU,2022-12-07 17:13:18,54.7914,65.9864,-1.93,94,14,6.82
161,Hobyo,SO,2022-12-07 17:13:19,5.3505,48.5268,79.95,78,98,17.0
162,Severo-Kurilsk,RU,2022-12-07 17:13:19,50.6789,156.125,29.73,88,99,9.91
163,Kendari,ID,2022-12-07 17:13:20,-3.945,122.4989,75.7,85,22,1.34
164,Mahenge,TZ,2022-12-07 17:13:20,-8.6833,36.7167,72.97,46,9,1.7
165,Castro,BR,2022-12-07 17:13:21,-24.7911,-50.0119,81.1,53,27,7.9
166,Tuktoyaktuk,CA,2022-12-07 17:13:21,69.4541,-133.0374,-16.91,93,46,12.08
167,Santiago De Chuco,PE,2022-12-07 17:13:22,-8.15,-78.1833,64.47,39,40,4.14
168,Bethlehem,BR,2022-12-07 17:12:57,-1.4558,-48.5044,89.64,58,75,4.61
169,Asau,RO,2022-12-07 17:13:23,46.4333,26.4,36.52,86,100,4.38
170,Ginda,IN,2022-12-07 17:13:23,30.6945,78.4932,47.55,20,0,6.87
171,Port Hedland,AU,2022-12-07 17:13:23,-20.3167,118.5667,80.65,61,1,14.97
172,Inhambane,MZ,2022-12-07 17:13:24,-23.865,35.3833,78.55,81,36,10.13
173,Victoria Point,AU,2022-12-07 17:13:25,-27.5833,153.3,74.91,92,91,1.01
174,Conroe,US,2022-12-07 17:12:06,30.3119,-95.456,80.71,81,75,6.91
175,Gimli,CA,2022-12-07 17:13:25,50.6336,-96.9907,-11.72,91,13,9.24
176,Ostrovnoy,RU,2022-12-07 17:13:26,68.0531,39.5131,23.16,91,54,15.64
177,Tucuma,BR,2022-12-07 17:13:26,-0.1833,-50.05,85.08,65,84,9.01
178,Baruun-Urt,MN,2022-12-07 17:13:27,46.6806,113.2792,1.56,90,7,7.76
179,Roma,US,2022-12-07 17:13:27,43.2128,-75.4557,53.96,98,100,0.0
180,Tasiilaq,GL,2022-12-07 17:13:28,65.6145,-37.6368,26.76,84,54,5.82
181,Cam Ranh,VN,2022-12-07 17:13:29,11.9214,109.1591,71.56,100,75,10.36
182,Vakhrushev,RU,2022-12-07 17:13:29,48.9833,142.9667,13.89,67,28,7.54
183,Khorixas,NA,2022-12-07 17:13:30,-20.3667,14.9667,80.92,12,0,17.72
184,Bengkulu,ID,2022-12-07 17:14:30,-3.8004,102.2655,75.81,91,100,7.2
185,Hambantota,LK,2022-12-07 17:14:15,6.1241,81.1185,77.09,79,100,5.7
186,Ancud,CL,2022-12-07 17:14:31,-41.8697,-73.8203,57.79,97,100,22.77
187,Clyde River,CA,2022-12-07 17:14:31,70.4692,-68.5914,0.27,74,81,7.0
188,Tura,IN,2022-12-07 17:14:32,25.5198,90.2201,61.92,89,15,3.76
189,Salalah,OM,2022-12-07 17:14:32,17.0151,54.0924,78.89,65,75,3.44
190,Zoutleeuw,BE,2022-12-07 17:13:16,50.8332,5.1038,41.61,93,75,8.05
191,Bambous Virieux,MU,2022-12-07 17:14:33,-20.3428,57.7575,77.25,83,75,12.66
192,Yenagoa,NG,2022-12-07 17:14:33,4.9247,6.2642,81.25,76,100,8.39
193,Viedma,AR,2022-12-07 17:14:05,-40.8135,-62.9967,94.48,13,97,14.74
194,Goundam,ML,2022-12-07 17:14:34,16.4145,-3.6708,93.79,11,1,7.85
195,Nalut,LY,2022-12-07 17:14:34,30.3333,10.85,65.95,24,100,9.22
196,Grindavik,IS,2022-12-07 17:14:34,63.8424,-22.4338,30.67,86,20,6.91
197,Taitung,TW,2022-12-07 17:14:35,22.7583,121.1444,70.25,80,5,8.86
198,Saint-Joseph,RE,2022-12-07 17:14:35,-21.3667,55.6167,77.38,81,23,13.11
199,Anito,PH,2022-12-07 17:14:35,12.4497,125.2886,77.9,87,98,8.21
200,General Roca,AR,2022-12-07 17:14:36,-39.0333,-67.5833,91.0,12,82,18.59
201,Samarai,PG,2022-12-07 17:14:36,-10.6167,150.6667,81.73,78,100,4.21
202,Waingapu,ID,2022-12-07 17:14:36,-9.6567,120.2641,79.03,79,100,2.57
203,Barreirinha,BR,2022-12-07 17:14:37,-2.7933,-57.07,90.16,48,65,1.9
204,Balkhash,KZ,2022-12-07 17:14:37,46.844,74.9804,5.56,86,98,9.66
205,Port Augusta,AU,2022-12-07 17:14:38,-32.5,137.7667,55.71,57,35,15.68
206,Tahe,CN,2022-12-07 17:14:38,52.3333,124.7333,-8.93,93,37,4.34
207,Aklavik,CA,2022-12-07 17:14:39,68.2191,-135.0107,-11.43,84,100,11.45
208,Isangel,VU,2022-12-07 17:14:39,-19.55,169.2667,78.35,82,69,1.12
209,Bellavista,PE,2022-12-07 17:14:39,-7.0561,-76.5911,87.28,66,20,3.44
210,Marsh Harbour,BS,2022-12-07 17:14:40,26.5412,-77.0636,74.53,61,0,16.67
211,Vila Velha,BR,2022-12-07 17:14:40,-20.3297,-40.2925,76.95,93,100,9.22
212,San Andres,CO,2022-12-07 17:14:26,12.5847,-81.7006,82.42,74,40,14.97
213,Garowe,SO,2022-12-07 17:14:40,8.4054,48.4845,76.87,58,99,20.4
214,Wattegama,LK,2022-12-07 17:14:41,6.7989,81.4808,72.46,79,100,2.21
215,Airai,TL,2022-12-07 17:14:41,-8.9266,125.4092,59.22,75,88,1.61
216,Meulaboh,ID,2022-12-07 17:14:41,4.1363,96.1285,76.91,86,100,5.37
217,Altay,CN,2022-12-07 17:14:42,47.8667,88.1167,3.27,84,92,5.23
218,Zyryanka,RU,2022-12-07 17:14:42,65.75,150.85,-39.84,89,9,9.24
219,Cachoeira Do Sul,BR,2022-12-07 17:14:42,-30.0392,-52.8939,90.63,31,0,5.5
220,Tiarei,PF,2022-12-07 17:14:43,-17.5333,-149.3333,80.62,78,40,18.75
221,Gazanjyk,TM,2022-12-07 17:14:43,39.2446,55.5154,32.07,49,39,13.82
222,Wuwei,CN,2022-12-07 17:14:43,37.9281,102.6414,24.22,59,95,3.27
223,Khash,IR,2022-12-07 17:14:44,28.2211,61.2158,53.92,46,24,1.88
224,Sitka,US,2022-12-07 17:14:44,57.0531,-135.33,44.49,70,100,20.71
225,Gondanglegi,ID,2022-12-07 17:14:45,-7.7479,112.0132,75.94,90,100,2.86
226,Zhanaozen,KZ,2022-12-07 17:14:45,43.3,52.8,21.47,55,1,14.2
227,Dongsheng,CN,2022-12-07 17:14:45,39.8161,109.9776,20.26,38,54,6.33
228,Matara,LK,2022-12-07 17:14:46,5.9485,80.5353,77.76,77,100,12.3
229,Ailigandi,PA,2022-12-07 17:14:46,9.2333,-78.0167,82.67,69,65,13.89
230,Itoman,JP,2022-12-07 17:15:46,26.1247,127.6694,66.22,68,75,14.97
231,Caiaponia,BR,2022-12-07 17:15:47,-16.9567,-51.8103,84.72,50,85,7.36
232,Aksu,CN,2022-12-07 17:15:47,41.1231,80.2644,26.8,41,64,1.45
233,Provideniya,RU,2022-12-07 17:15:47,64.3833,-173.3,20.97,80,96,15.66
234,Maniitsoq,GL,2022-12-07 17:15:48,65.4167,-52.9,31.26,98,100,19.77
235,Kaitangata,NZ,2022-12-07 17:15:48,-46.2817,169.8464,47.28,87,99,8.28
236,Naliya,IN,2022-12-07 17:15:49,23.2667,68.8333,72.14,19,0,8.21
237,Antofagasta,CL,2022-12-07 17:14:55,-23.65,-70.4,69.08,64,52,8.55
238,Vestmannaeyjar,IS,2022-12-07 17:15:49,63.4427,-20.2734,32.99,93,20,6.91
239,Salina,US,2022-12-07 17:10:28,38.8403,-97.6114,44.31,65,0,0.0
240,Stuttgart,DE,2022-12-07 17:11:04,48.7823,9.177,39.65,87,75,9.22
241,Hamilton,US,2022-12-07 17:15:47,39.1834,-84.5333,53.08,96,100,8.05
242,Borzya,RU,2022-12-07 17:15:50,50.3833,116.5167,-2.42,97,26,6.49
243,Montepuez,MZ,2022-12-07 17:15:50,-13.1256,38.9997,74.16,80,75,4.34
244,Hinton,CA,2022-12-07 17:15:51,53.4001,-117.5857,13.41,88,52,7.61
245,Carnarvon,AU,2022-12-07 17:15:51,-24.8667,113.6333,70.72,69,81,15.82
246,Katherine,AU,2022-12-07 17:15:51,-14.4667,132.2667,84.52,58,100,8.05
247,Jeremie,HT,2022-12-07 17:15:52,18.65,-74.1167,80.92,62,28,12.75
248,Madinat Sittah Uktubar,EG,2022-12-07 17:15:52,29.8167,31.05,65.8,52,0,1.3
249,Carutapera,BR,2022-12-07 17:15:52,-1.195,-46.02,88.95,54,16,12.03
250,San Patricio,US,2022-12-07 17:15:53,28.017,-97.5169,80.46,70,47,11.34
251,Hit,IQ,2022-12-07 17:15:53,33.6416,42.8251,61.36,48,26,6.4
252,Port Hardy,CA,2022-12-07 17:15:47,50.6996,-127.4199,39.38,87,100,23.02
253,Batagay,RU,2022-12-07 17:15:54,67.6333,134.6333,-31.95,97,100,2.33
254,Kushmurun,KZ,2022-12-07 17:15:55,52.4503,64.6311,-7.13,99,72,3.44
255,Guanica,PR,2022-12-07 17:15:55,17.9716,-66.908,85.03,67,18,7.2
256,Longyearbyen,SJ,2022-12-07 17:11:37,78.2186,15.6401,21.04,68,75,10.36
257,Nicoya,CR,2022-12-07 17:15:55,10.1483,-85.452,82.29,66,11,8.61
258,Necochea,AR,2022-12-07 17:15:56,-38.5473,-58.7368,87.98,37,1,15.39
259,Pahrump,US,2022-12-07 17:11:03,36.2083,-115.9839,46.26,63,14,1.99
260,Touros,BR,2022-12-07 17:11:22,-5.1989,-35.4608,85.39,61,73,17.13
261,Windsor,CA,2022-12-07 17:08:21,42.3001,-83.0165,45.23,89,100,0.0
262,Rosarito,MX,2022-12-07 17:15:56,32.3333,-117.0333,59.41,68,5,2.26
263,Ixtapa,MX,2022-12-07 17:15:57,20.7,-105.2,82.22,61,20,3.0
264,Xuchang,CN,2022-12-07 17:15:57,34.0167,113.8167,41.41,81,59,2.35
265,Bambanglipuro,ID,2022-12-07 17:15:57,-7.95,110.2833,77.09,90,92,3.04
266,Ypsonas,CY,2022-12-07 17:15:58,34.6884,32.9574,59.97,72,20,3.44
267,Camacha,PT,2022-12-07 17:15:58,33.0833,-16.3333,65.62,64,40,21.85
268,Caorle,IT,2022-12-07 17:15:58,45.5966,12.8758,46.36,68,14,7.36
269,Alugan,PH,2022-12-07 17:15:59,12.2188,125.4808,77.63,91,99,9.95
270,Beyneu,KZ,2022-12-07 17:15:59,45.3167,55.2,20.86,59,7,10.33
271,Kavaratti,IN,2022-12-07 17:16:00,10.5669,72.642,81.84,71,99,3.13
272,Lavrentiya,RU,2022-12-07 17:16:00,65.5833,-171.0,16.0,78,59,8.52
273,Constitucion,CL,2022-12-07 17:16:01,-35.3333,-72.4167,68.9,63,79,11.03
274,Aqtobe,KZ,2022-12-07 17:16:01,50.2797,57.2072,-3.91,84,0,0.0
275,Los Llanos De Aridane,ES,2022-12-07 17:16:02,28.6585,-17.9182,67.75,99,75,4.61
276,Mahebourg,MU,2022-12-07 17:12:46,-20.4081,57.7,77.29,83,75,12.66
277,Hami,CN,2022-12-07 17:16:03,42.8,93.45,23.36,49,44,3.27
278,Dunedin,NZ,2022-12-07 17:13:04,-45.8742,170.5036,53.8,77,100,13.0
279,Karratha,AU,2022-12-07 17:17:04,-20.7377,116.8463,78.84,61,0,19.01
280,Ayan,RU,2022-12-07 17:17:04,56.45,138.1667,-4.7,70,75,9.66
281,Nhulunbuy,AU,2022-12-07 17:17:05,-12.2333,136.7667,75.81,88,97,1.14
282,Kudahuvadhoo,MV,2022-12-07 17:17:05,2.6708,72.8944,81.03,81,96,8.3
283,Port Blair,IN,2022-12-07 17:17:06,11.6667,92.75,80.64,83,75,2.3
284,Aurad,IN,2022-12-07 17:17:06,18.25,77.4333,65.07,63,55,5.68
285,Saint Paul,US,2022-12-07 17:13:44,44.9444,-93.0933,18.88,78,100,16.11
286,Half Moon Bay,US,2022-12-07 17:13:59,37.4636,-122.4286,51.22,92,20,0.0
287,Saldanha,ZA,2022-12-07 17:17:07,-33.0117,17.9442,65.39,81,0,14.2
288,Ahipara,NZ,2022-12-07 17:17:07,-35.1667,173.1667,60.98,82,93,17.34
289,Atikokan,CA,2022-12-07 17:17:08,48.7555,-91.6216,-1.61,70,72,4.25
290,Papara,BR,2022-12-07 17:17:08,-3.9839,-38.7273,86.4,37,11,14.94
291,Zhaotong,CN,2022-12-07 17:17:09,27.3167,103.7167,36.66,85,80,5.66
292,Vila Franca Do Campo,PT,2022-12-07 17:17:10,37.7167,-25.4333,59.41,77,87,24.96
293,Abay,KZ,2022-12-07 17:17:11,49.6311,72.8539,-16.22,97,17,4.32
294,Aswan,EG,2022-12-07 17:17:11,24.0934,32.907,66.96,32,0,9.35
295,Port Macquarie,AU,2022-12-07 17:17:12,-31.4333,152.9167,66.88,93,100,5.68
296,Grao Mogol,BR,2022-12-07 17:17:12,-16.5594,-42.8897,76.93,73,88,1.28
297,Palembang,ID,2022-12-07 17:17:13,-2.9167,104.7458,75.29,100,75,2.3
298,Thinadhoo,MV,2022-12-07 17:17:13,0.5333,72.9333,82.53,74,62,11.5
299,Boende,CD,2022-12-07 17:17:14,-0.2167,20.8667,71.89,98,94,4.83
300,Ketchikan,US,2022-12-07 17:12:48,55.3422,-131.6461,42.78,93,100,17.27
301,Mwingi,KE,2022-12-07 17:17:14,-0.9344,38.0601,67.19,90,99,1.54
302,Labrea,BR,2022-12-07 17:17:15,-7.2586,-64.7981,88.47,62,97,5.32
303,Sao Filipe,CV,2022-12-07 17:17:16,14.8961,-24.4956,75.43,77,5,8.84
304,Gotsu,JP,2022-12-07 17:17:17,35.0,132.2167,51.48,58,24,16.84
305,Alyangula,AU,2022-12-07 17:17:17,-13.8483,136.4192,82.9,64,77,9.28
306,Raudeberg,NO,2022-12-07 17:17:18,61.9875,5.1352,31.96,62,61,10.96
307,Lubango,AO,2022-12-07 17:17:18,-14.9172,13.4925,65.62,78,64,5.84
308,Souillac,MU,2022-12-07 17:16:51,-20.5167,57.5167,77.38,83,75,12.66
309,Taunggyi,MM,2022-12-07 17:17:19,20.7833,97.0333,54.68,83,1,1.59
310,Salinopolis,BR,2022-12-07 17:17:19,-0.6136,-47.3561,85.32,65,31,14.29
311,Kyren,RU,2022-12-07 17:17:20,51.6828,102.1408,7.11,91,100,1.34
312,Kavieng,PG,2022-12-07 17:17:20,-2.5744,150.7967,81.45,76,100,8.88
313,Ligayan,PH,2022-12-07 17:17:20,4.6533,119.4706,82.0,75,29,6.69
314,Puro,PH,2022-12-07 17:17:21,12.4841,123.3827,77.23,76,74,10.13
315,Furstenwalde,DE,2022-12-07 17:17:22,52.3667,14.0667,37.9,90,100,11.16
316,Amahai,ID,2022-12-07 17:17:22,-3.3333,128.9167,77.94,81,92,2.44
317,Flin Flon,CA,2022-12-07 17:17:23,54.7682,-101.865,-23.96,69,75,10.36
318,Saint Anthony,US,2022-12-07 17:15:48,45.0205,-93.218,18.25,78,100,16.11
319,Coahuayana,MX,2022-12-07 17:17:24,18.7333,-103.6833,86.04,55,2,3.06
320,Mbuji-Mayi,CD,2022-12-07 17:17:24,-6.15,23.6,72.3,87,90,2.84
321,Arman,RU,2022-12-07 17:17:25,59.7,150.1667,-6.36,79,68,7.85
322,Takab,IR,2022-12-07 17:17:25,36.4009,47.1133,33.4,79,46,2.17
323,Boden,SE,2022-12-07 17:17:26,65.8252,21.6886,15.8,95,100,4.14
324,Erenhot,CN,2022-12-07 17:17:26,43.6475,111.9767,13.51,52,12,8.01
325,Kutum,SD,2022-12-07 17:17:27,14.2,24.6667,64.22,22,5,11.07
326,Sri Aman,MY,2022-12-07 17:18:27,1.2376,111.4621,75.25,100,100,0.0
327,Bijie,CN,2022-12-07 17:18:28,27.3125,105.2942,38.86,87,99,3.85
328,Mount Isa,AU,2022-12-07 17:18:28,-20.7333,139.5,80.37,36,21,6.91
329,Marfino,RU,2022-12-07 17:18:29,55.7028,37.3822,15.94,78,0,11.18
330,Grand Gaube,MU,2022-12-07 17:16:20,-20.0064,57.6608,77.4,79,2,7.0
331,Bathsheba,BB,2022-12-07 17:18:31,13.2167,-59.5167,86.61,66,40,10.36
332,Kambove,CD,2022-12-07 17:18:31,-10.8764,26.5969,66.79,75,14,1.3
333,Namatanai,PG,2022-12-07 17:18:34,-3.6667,152.4333,79.14,79,98,5.37
334,Mount Gambier,AU,2022-12-07 17:18:38,-37.8333,140.7667,49.77,60,57,10.71
335,Nova Vicosa,BR,2022-12-07 17:18:38,-17.8919,-39.3719,81.66,67,73,9.64
336,Palu,ID,2022-12-07 17:18:40,-0.8917,119.8707,75.56,95,84,2.15
337,Narsaq,GL,2022-12-07 17:18:43,60.9167,-46.05,26.82,72,81,5.44
338,Kahului,US,2022-12-07 17:12:19,20.8947,-156.47,76.84,81,40,23.02
339,Zalesovo,RU,2022-12-07 17:18:48,53.9939,84.7431,-13.04,100,87,2.93
340,Sainte-Suzanne,RE,2022-12-07 17:18:48,-20.9061,55.6089,79.47,80,20,17.27
341,Semirom,IR,2022-12-07 17:18:49,31.4167,51.5667,37.36,64,49,4.0
342,Honningsvag,NO,2022-12-07 17:18:50,70.9821,25.9704,37.15,81,75,16.11
343,Barcelos,PT,2022-12-07 17:18:50,41.5388,-8.6151,60.94,72,89,8.32
344,Inta,RU,2022-12-07 17:18:52,66.0317,60.1659,10.63,93,100,19.82
345,Sao Jose Da Coroa Grande,BR,2022-12-07 17:18:53,-8.8978,-35.1478,82.76,67,25,10.0
346,Marshall,US,2022-12-07 17:18:56,34.3834,-86.3333,69.78,92,100,12.66
347,Christchurch,NZ,2022-12-07 17:14:07,-43.5333,172.6333,55.9,67,100,19.57
348,Crotone,IT,2022-12-07 17:19:00,39.0851,17.1178,59.2,100,0,2.3
349,Kupang,ID,2022-12-07 17:19:03,-10.1667,123.5833,78.4,80,99,3.47
350,Urucara,BR,2022-12-07 17:19:04,-2.5364,-57.76,93.42,40,42,5.48
351,Topolcani,MK,2022-12-07 17:19:05,41.2286,21.4314,45.25,84,100,3.04
352,Nanortalik,GL,2022-12-07 17:19:05,60.1432,-45.2371,28.63,84,37,9.04
353,La Grande,US,2022-12-07 17:17:20,45.3246,-118.0877,27.23,87,44,6.24
354,Choix,MX,2022-12-07 17:19:06,26.7092,-108.3219,80.89,42,94,1.74
355,Plainview,US,2022-12-07 17:19:07,40.7765,-73.4673,58.48,91,100,8.05
356,Erdenet,MN,2022-12-07 17:19:07,49.0333,104.0833,-9.27,91,5,4.05
357,Oranjemund,NA,2022-12-07 17:19:08,-28.55,16.4333,63.41,73,0,14.16
358,Santa Maria,BR,2022-12-07 17:19:08,-29.6842,-53.8069,92.84,32,0,7.31
359,Karasjok,NO,2022-12-07 17:17:29,69.4719,25.5112,22.93,96,100,3.0
360,Salihorsk,BY,2022-12-07 17:19:10,52.7876,27.5415,32.68,98,100,13.73
361,Westport,US,2022-12-07 17:19:11,41.1415,-73.3579,59.32,90,100,3.44
362,Muttupet,IN,2022-12-07 17:19:11,10.4,79.4833,74.64,76,100,11.54
363,Batyrevo,RU,2022-12-07 17:19:12,55.0675,47.6111,4.6,94,13,6.13
364,Balkanabat,TM,2022-12-07 17:19:12,39.5108,54.3671,39.0,42,89,8.55
365,Makakilo City,US,2022-12-07 17:19:13,21.3469,-158.0858,75.52,70,0,19.57
366,La Ronge,CA,2022-12-07 17:19:13,55.1001,-105.2842,-12.75,58,75,14.97
367,Andra,RU,2022-12-07 17:19:14,62.5147,65.8878,2.12,88,73,5.28
368,Dolores,AR,2022-12-07 17:17:34,-36.3132,-57.6792,94.93,23,45,8.19
369,Faanui,PF,2022-12-07 17:20:15,-16.4833,-151.75,80.11,77,94,18.45
370,Rockland,US,2022-12-07 17:15:49,41.1668,-74.0496,57.97,95,100,1.01
371,Urumqi,CN,2022-12-07 17:18:01,43.801,87.6005,4.15,92,40,2.24
372,Cherskiy,RU,2022-12-07 17:20:16,68.75,161.3,-16.11,98,99,7.0
373,Chake Chake,TZ,2022-12-07 17:20:16,-5.2459,39.7666,78.66,80,21,7.25
374,Doctor Arroyo,MX,2022-12-07 17:20:16,23.6667,-100.1833,67.12,45,0,7.85
375,Ilulissat,GL,2022-12-07 17:20:17,69.2167,-51.1,25.47,75,100,8.03
376,Pimentel,PE,2022-12-07 17:20:18,-6.8367,-79.9342,73.69,64,0,12.66
377,Klaksvik,FO,2022-12-07 17:20:18,62.2266,-6.589,31.12,78,100,28.88
378,Palaikastron,GR,2022-12-07 17:20:19,35.2,26.25,61.72,71,75,9.78
379,Pinawa,CA,2022-12-07 17:20:19,50.1489,-95.8811,-8.09,79,8,4.59
380,Wasilla,US,2022-12-07 17:20:20,61.5814,-149.4394,29.01,94,100,4.0
381,Whitecourt,CA,2022-12-07 17:20:21,54.1502,-115.6855,-1.16,78,40,2.3
382,Kurchum,KZ,2022-12-07 17:20:21,48.5722,83.6542,-9.89,100,97,1.95
383,Pangnirtung,CA,2022-12-07 17:20:22,66.1451,-65.7125,12.2,73,75,2.3
384,Lillooet,CA,2022-12-07 17:20:22,50.6856,-121.942,22.87,95,86,2.75
385,Kruisfontein,ZA,2022-12-07 17:20:23,-34.0033,24.7314,69.89,81,1,15.57
386,Pacific Grove,US,2022-12-07 17:20:23,36.6177,-121.9166,49.82,88,0,4.61
387,Hudiksvall,SE,2022-12-07 17:20:24,61.729,17.1036,17.26,83,3,3.96
388,San Quintin,MX,2022-12-07 17:20:24,30.4833,-115.95,59.52,63,64,7.78
389,Port Lincoln,AU,2022-12-07 17:20:25,-34.7333,135.8667,54.19,62,3,10.92
390,Itapeva,BR,2022-12-07 17:20:25,-23.9822,-48.8756,79.59,68,70,6.02
391,Ponnani,IN,2022-12-07 17:20:26,10.767,75.9252,78.12,81,100,2.86
392,Kota Bahru,MY,2022-12-07 17:20:26,6.1333,102.2386,76.95,94,40,0.0
393,Gamba,GA,2022-12-07 17:20:27,-2.65,10.0,77.61,80,99,5.93
394,Lata,PT,2022-12-07 17:20:27,40.1629,-8.3327,58.08,83,100,9.98
395,Yulara,AU,2022-12-07 17:20:28,-25.2406,130.9889,79.07,34,96,19.77
396,Anamur,TR,2022-12-07 17:20:30,36.0751,32.8369,60.37,77,100,7.92
397,Ust-Nera,RU,2022-12-07 17:20:30,64.5667,143.2,-44.07,99,96,3.69
398,Rock Sound,BS,2022-12-07 17:20:31,24.9,-76.2,76.15,58,0,18.37
399,Saint Simons,US,2022-12-07 17:20:31,31.1352,-81.3901,82.02,60,0,5.75
400,Kabalo,CD,2022-12-07 17:20:32,-6.05,26.9167,70.45,95,68,3.74
401,Luwuk,ID,2022-12-07 17:20:33,-0.9516,122.7875,77.05,64,84,3.0
402,Calcutta,IN,2022-12-07 17:20:15,22.5697,88.3697,67.95,73,20,0.0
403,Praya,CV,2022-12-07 17:16:50,14.9215,-23.5087,81.14,61,20,16.11
404,Fairlie,GB,2022-12-07 17:20:34,55.756,-4.8556,37.18,84,11,1.99
405,Chistogorskiy,RU,2022-12-07 17:20:35,53.9835,87.3843,-9.72,100,47,2.06
406,Nome,US,2022-12-07 17:20:36,64.5011,-165.4064,12.27,85,75,0.0
407,Santa Rosalia,MX,2022-12-07 17:20:36,27.3167,-112.2833,68.47,43,0,1.41
408,Cajati,BR,2022-12-07 17:20:37,-24.7361,-48.1228,82.29,74,66,4.72
409,General Teran,MX,2022-12-07 17:20:37,25.2667,-99.6833,77.36,60,71,11.52
410,Aykhal,RU,2022-12-07 17:20:38,66.0,111.5,-20.45,100,100,4.43
411,Kungurtug,RU,2022-12-07 17:20:38,50.5994,97.5228,-17.88,97,70,1.57
412,Seoul,KR,2022-12-07 17:15:53,37.5683,126.9778,33.24,93,0,0.0
413,Ayr,GB,2022-12-07 17:20:39,55.4627,-4.6339,36.32,93,20,3.44
414,Anderson,US,2022-12-07 17:21:39,34.5334,-82.6499,58.33,99,100,4.61
415,Yar-Sale,RU,2022-12-07 17:21:40,66.8333,70.8333,10.04,95,100,9.1
416,Timra,SE,2022-12-07 17:21:40,62.487,17.3257,8.28,92,0,5.75
417,Puerto Ayacucho,VE,2022-12-07 17:21:41,5.6639,-67.6236,84.99,61,100,5.55
418,Bakel,SN,2022-12-07 17:21:41,14.905,-12.4568,100.58,14,0,9.19
419,Kamenka,RU,2022-12-07 17:21:41,51.3223,42.7678,15.06,56,3,14.36
420,Bolshaya Glushitsa,RU,2022-12-07 17:21:42,50.2406,43.5908,14.07,66,0,12.55
421,Ojinaga,MX,2022-12-07 17:21:42,29.5667,-104.4167,71.56,82,0,0.0
422,Sisimiut,GL,2022-12-07 17:21:42,66.9395,-53.6735,30.56,77,100,15.55
423,Gazojak,TM,2022-12-07 17:21:43,41.1875,61.4036,23.92,45,0,7.81
424,Teguise,ES,2022-12-07 17:21:43,29.0605,-13.564,68.22,78,20,13.8
425,Horki,BY,2022-12-07 17:21:43,54.2861,30.9842,23.2,94,100,18.97
426,Xai-Xai,MZ,2022-12-07 17:21:44,-25.0519,33.6442,77.59,83,56,11.97
427,Veraval,IN,2022-12-07 17:21:44,20.9,70.3667,75.0,56,0,5.14
428,Rocha,UY,2022-12-07 17:21:44,-34.4833,-54.3333,93.92,17,0,13.02
429,Keelung,TW,2022-12-07 17:21:45,25.1283,121.7419,64.58,89,100,14.0
430,Bilma,NE,2022-12-07 17:21:45,18.6853,12.9164,76.12,14,75,7.34
431,Lanskroun,CZ,2022-12-07 17:21:45,49.9122,16.6119,38.16,82,100,13.13
432,Oktyabrskoye,RU,2022-12-07 17:21:46,43.0645,44.7417,26.74,93,100,6.71
433,Takoradi,GH,2022-12-07 17:21:46,4.8845,-1.7554,82.27,76,100,10.58
434,Sydney,AU,2022-12-07 17:09:34,-33.8679,151.2073,67.71,66,0,11.5
435,Nortelandia,BR,2022-12-07 17:17:43,-14.4547,-56.8028,92.19,47,52,4.65
436,Stephenville,US,2022-12-07 17:21:47,32.2207,-98.2023,72.14,90,100,9.22
437,Salvador,SV,2022-12-07 17:21:47,13.8333,-88.9167,81.0,58,4,3.78
438,Lebanon,US,2022-12-07 17:18:48,36.2081,-86.2911,68.54,94,100,5.75
439,Obo,CF,2022-12-07 17:21:47,5.3998,26.4869,82.6,35,50,3.18
440,Baherden,TM,2022-12-07 17:21:48,38.4362,57.4316,37.72,53,58,7.45
441,Waipawa,NZ,2022-12-07 17:21:48,-41.4122,175.5153,47.25,76,100,8.52
442,Fairbanks,US,2022-12-07 17:20:52,64.8378,-147.7164,18.61,90,100,0.0
443,Haldibari,IN,2022-12-07 17:21:48,26.3333,88.7667,66.07,59,9,3.87
444,La Romana,DO,2022-12-07 17:21:49,18.4273,-68.9728,84.56,58,40,10.36
445,Leh,IN,2022-12-07 17:21:49,34.1667,77.5833,22.3,42,94,2.33
446,Bubaque,GW,2022-12-07 17:21:50,11.2833,-15.8333,81.36,62,1,11.56
447,Saint-Francois,FR,2022-12-07 17:21:50,46.4154,3.9054,34.68,93,75,1.14
448,Faya,SA,2022-12-07 17:21:50,18.3851,42.4509,60.91,63,0,3.56
449,Muromtsevo,RU,2022-12-07 17:21:50,56.3724,75.2418,-4.61,99,82,5.66
450,Chuy,UY,2022-12-07 17:21:51,-33.6971,-53.4616,82.63,39,0,11.56
451,Kushiro,JP,2022-12-07 17:21:51,42.975,144.3747,31.64,65,67,4.65
452,Huarmey,PE,2022-12-07 17:21:52,-10.0681,-78.1522,71.11,73,34,9.84
453,Chernyshevskiy,RU,2022-12-07 17:21:52,63.0128,112.4714,-1.5,99,100,1.1
454,Vitim,RU,2022-12-07 17:21:52,59.4511,112.5578,11.52,93,100,14.12
455,Safranbolu,TR,2022-12-07 17:21:53,41.2508,32.6942,42.93,70,66,1.34
456,Vao,NC,2022-12-07 17:21:53,-22.6667,167.4833,75.47,87,93,10.85
457,Padang,ID,2022-12-07 17:21:53,-0.9492,100.3543,73.45,91,100,5.23
458,Sobolevo,RU,2022-12-07 17:21:54,54.4299,31.8996,22.39,94,100,18.05
459,Aosta,IT,2022-12-07 17:21:54,45.7667,7.4167,28.56,72,1,1.01
460,Flinders,AU,2022-12-07 17:21:54,-34.5833,150.8552,66.18,77,12,4.0
461,Naze,JP,2022-12-07 17:22:55,28.3667,129.4833,61.72,62,77,15.68
462,Fort Walton Beach,US,2022-12-07 17:21:41,30.4058,-86.6188,82.06,88,20,5.75
463,Nsanje,MW,2022-12-07 17:22:55,-16.92,35.262,74.21,95,94,7.0
464,Solnechnyy,RU,2022-12-07 17:22:56,50.7214,136.6319,-5.31,89,9,2.84
465,Waddan,LY,2022-12-07 17:22:56,29.1614,16.139,74.64,16,18,10.49
466,Bonfim,BR,2022-12-07 17:22:56,3.0833,-59.95,89.87,53,19,3.76
467,Ponta Do Sol,PT,2022-12-07 17:22:57,32.6667,-17.1,68.63,80,42,15.88
468,Usinsk,RU,2022-12-07 17:22:57,65.9939,57.5281,12.58,95,100,16.22
469,Ganzhou,CN,2022-12-07 17:22:57,28.8184,115.4327,49.89,82,100,2.48
470,Kuantan,MY,2022-12-07 17:22:58,3.8077,103.326,80.98,89,20,2.3
471,Bonthe,SL,2022-12-07 17:22:58,7.5264,-12.505,84.31,69,26,11.43
472,Along,IN,2022-12-07 17:22:58,28.1667,94.7667,54.79,67,0,2.01
473,Pringsewu,ID,2022-12-07 17:22:59,-5.3582,104.9744,73.83,98,100,3.18
474,Sola,VU,2022-12-07 17:22:43,-13.8833,167.55,81.41,73,57,7.47
475,Nchelenge,ZM,2022-12-07 17:22:59,-9.3451,28.734,74.53,70,21,1.39
476,San Angelo,US,2022-12-07 17:23:00,31.4638,-100.437,69.06,87,100,8.05
477,Norman Wells,CA,2022-12-07 17:23:00,65.282,-126.8329,-38.16,67,20,5.75
478,Yinchuan,CN,2022-12-07 17:23:00,38.4681,106.2731,29.62,31,60,4.85
479,Belyy Yar,RU,2022-12-07 17:23:01,53.6039,91.3903,-18.51,83,20,0.0
480,Mahibadhoo,MV,2022-12-07 17:21:17,3.7833,72.9667,81.23,79,100,10.02
481,Suoyarvi,RU,2022-12-07 17:23:01,62.0833,32.35,20.75,90,100,9.71
482,Preston,GB,2022-12-07 17:20:54,53.7667,-2.7167,37.38,80,20,2.3
483,Valdivia,CL,2022-12-07 17:23:02,-39.8142,-73.2459,66.29,98,100,10.87
484,Codrington,AU,2022-12-07 17:23:02,-38.2667,141.9667,52.36,56,80,19.46
485,Richards Bay,ZA,2022-12-07 17:23:03,-28.783,32.0377,76.17,84,55,11.61
486,Tual,ID,2022-12-07 17:23:03,-5.6667,132.75,82.56,71,92,4.9
487,Menongue,AO,2022-12-07 17:23:04,-14.6585,17.691,69.51,69,71,10.58
488,Emerald,AU,2022-12-07 17:23:04,-23.5333,148.1667,81.48,48,0,13.82
489,Baghmara,IN,2022-12-07 17:23:04,23.795,86.2085,60.21,38,66,5.21
490,Pevek,RU,2022-12-07 17:23:05,69.7008,170.3133,-6.75,95,100,7.07
491,Karatau,KZ,2022-12-07 17:23:05,43.1667,70.4667,23.25,89,99,2.62
492,East Peoria,US,2022-12-07 17:23:06,40.6661,-89.5801,45.14,89,100,3.0
493,Dingle,PH,2022-12-07 17:23:06,10.9995,122.6711,72.46,91,89,6.17
494,Lakeside,US,2022-12-07 17:23:07,30.13,-81.7682,82.98,61,20,5.75
495,Halifax,CA,2022-12-07 17:22:47,44.6453,-63.5724,48.09,98,100,16.11
496,Telimele,GN,2022-12-07 17:23:07,10.9167,-13.3333,91.83,30,10,2.08
497,Chernyakhiv,UA,2022-12-07 17:23:08,50.4565,28.6702,27.16,98,88,8.14
498,San Miguel,SV,2022-12-07 17:23:08,13.4833,-88.1833,84.99,50,2,2.8
499,Hualmay,PE,2022-12-07 17:23:08,-11.0964,-77.6139,71.46,70,12,10.16
500,Kloulklubed,PW,2022-12-07 17:23:09,7.0419,134.2556,73.9,89,100,4.0
501,Ariquemes,BR,2022-12-07 17:23:09,-9.9133,-63.0408,87.46,65,77,2.91
502,Oga,IT,2022-12-07 17:23:10,46.4631,10.347,27.28,94,9,1.45
503,Poum,NC,2022-12-07 17:21:21,-20.2333,164.0167,79.57,81,89,7.45
504,Duluth,US,2022-12-07 17:23:08,46.7833,-92.1066,11.55,63,100,11.5
505,Yingcheng,CN,2022-12-07 17:23:10,30.95,113.55,50.79,57,100,1.61
506,Berdigestyakh,RU,2022-12-07 17:23:11,62.0989,126.6992,-12.41,98,100,8.34
507,Bulungu,CD,2022-12-07 17:24:11,-4.55,18.6,68.76,99,100,2.53
508,Kharp,RU,2022-12-07 17:24:12,66.8014,65.8081,7.86,88,100,11.68
509,Cayenne,GF,2022-12-07 17:24:12,4.9333,-52.3333,87.84,66,75,9.22
510,Moose Factory,CA,2022-12-07 17:24:13,51.2585,-80.6094,8.6,72,40,12.66
511,Porto Empedocle,IT,2022-12-07 17:24:13,37.2934,13.5264,55.31,86,10,8.08
512,Ardakan,IR,2022-12-07 17:24:14,32.31,54.0175,48.54,48,90,4.68
513,Tabuk,PH,2022-12-07 17:24:14,17.4189,121.4443,72.77,94,63,3.31
514,Ewa Beach,US,2022-12-07 17:24:15,21.3156,-158.0072,76.95,71,0,19.57
515,Emba,KZ,2022-12-07 17:24:15,48.8264,58.1442,1.51,84,12,6.49
516,Tete,MZ,2022-12-07 17:24:16,-16.1564,33.5867,80.69,69,40,4.61
517,Campbellsville,US,2022-12-07 17:24:16,37.3434,-85.3419,65.71,62,100,3.0
518,Kyaukse,MM,2022-12-07 17:24:17,21.6,96.1333,69.53,61,0,3.06
519,Emporia,US,2022-12-07 17:24:17,38.4039,-96.1817,46.51,93,100,0.0
520,Imeni Poliny Osipenko,RU,2022-12-07 17:24:17,52.4201,136.4853,-19.32,100,42,2.28
521,Chippewa Falls,US,2022-12-07 17:20:03,44.9369,-91.3929,20.93,86,100,10.36
522,Kimberley,ZA,2022-12-07 17:24:18,-28.7323,24.7623,76.69,44,40,9.22
523,Qostanay,KZ,2022-12-07 17:24:19,53.1667,63.5833,-16.31,76,0,2.24
524,Northfield,US,2022-12-07 17:22:55,44.4583,-93.1616,20.12,80,75,13.8
525,Kirakira,SB,2022-12-07 17:24:19,-10.4544,161.9205,78.87,85,91,3.6
526,Benguela,AO,2022-12-07 17:24:20,-12.5763,13.4055,78.21,78,96,6.2
527,Ushtobe,KZ,2022-12-07 17:24:20,45.2514,77.9838,11.64,91,98,9.22
528,Monterey,US,2022-12-07 17:24:20,36.2505,-121.2516,46.18,1,6,1.61
529,Ternate,ID,2022-12-07 17:24:21,0.8,127.4,80.69,75,93,0.56
530,Krasnoselkup,RU,2022-12-07 17:24:21,65.7,82.4667,4.89,93,100,14.41
531,Miles City,US,2022-12-07 17:24:22,46.4083,-105.8406,9.57,78,100,10.36
532,Oranjestad,AW,2022-12-07 17:24:22,12.524,-70.027,85.95,72,40,13.8
533,Champerico,GT,2022-12-07 17:24:22,14.3,-91.9167,86.54,63,1,3.78
534,Saint-Leu,RE,2022-12-07 17:24:23,-21.15,55.2833,77.32,78,11,7.65
535,Andi,RU,2022-12-07 17:24:23,42.7836,46.2617,23.36,80,35,1.1
536,Taseyevo,RU,2022-12-07 17:24:24,57.2169,94.8978,9.21,89,100,10.94
537,Mindelo,CV,2022-12-07 17:24:24,16.8901,-24.9804,78.35,57,20,16.11
538,Ocampo,MX,2022-12-07 17:24:25,21.65,-101.5,65.77,31,0,3.53
539,Madang,PG,2022-12-07 17:24:25,-5.2246,145.7966,76.39,92,100,3.02
540,Lola,GN,2022-12-07 17:24:26,7.8,-8.5333,87.3,44,8,1.41
541,Havre-Saint-Pierre,CA,2022-12-07 17:24:26,50.2334,-63.5986,37.4,100,100,16.11
542,Lazaro Cardenas,MX,2022-12-07 17:24:27,17.9583,-102.2,83.91,56,1,1.63
543,Skjervoy,NO,2022-12-07 17:24:27,70.0311,20.9714,23.0,66,16,8.41
544,Ostend,BE,2022-12-07 17:24:28,51.2234,2.9119,42.91,80,75,13.8
545,Jumla,NP,2022-12-07 17:24:28,29.2747,82.1838,40.08,29,0,5.48
546,Kinablangan,PH,2022-12-07 17:24:29,7.6947,126.5503,77.34,85,61,6.87
547,Caravelas,BR,2022-12-07 17:24:29,-17.7125,-39.2481,83.61,61,69,11.27
548,Paredon,MX,2022-12-07 17:24:29,16.0333,-93.8667,86.32,51,13,2.62
549,Kaoma,ZM,2022-12-07 17:24:30,-14.7833,24.8,69.46,65,33,2.17
550,Lagoa,PT,2022-12-07 17:24:31,39.05,-27.9833,59.09,79,89,23.04
551,Vilyuysk,RU,2022-12-07 17:24:31,63.7553,121.6247,-18.8,97,100,5.46
552,Mineiros,BR,2022-12-07 17:24:32,-17.5694,-52.5511,86.81,43,99,7.78
553,Mastic Beach,US,2022-12-07 17:25:32,40.7668,-72.8521,58.98,98,100,9.22
554,Suez,EG,2022-12-07 17:25:33,29.9737,32.5263,62.02,58,0,6.26
555,Aboyne,GB,2022-12-07 17:25:33,57.0755,-2.7802,35.24,92,71,8.3
556,Acapulco,MX,2022-12-07 17:21:02,16.8634,-99.8901,85.82,54,0,4.61
557,Murgab,TM,2022-12-07 17:25:34,37.4966,61.9714,33.67,80,2,4.61
558,Vostok,RU,2022-12-07 17:25:34,46.4856,135.8833,1.51,99,100,3.42
559,Sao Miguel Do Araguaia,BR,2022-12-07 17:25:35,-13.275,-50.1628,90.14,46,98,4.09
560,Teberda,RU,2022-12-07 17:25:35,43.4456,41.7448,30.0,88,91,6.58
561,Plouzane,FR,2022-12-07 17:25:35,48.3833,-4.6167,41.32,87,20,4.61
562,Lasa,IT,2022-12-07 17:25:36,46.6166,10.7002,34.68,82,19,2.37
563,Manta,EC,2022-12-07 17:25:36,-0.95,-80.7333,78.58,78,75,10.36
564,Teya,RU,2022-12-07 17:25:37,60.3778,92.6267,10.65,88,100,12.62
565,Kachiry,KZ,2022-12-07 17:25:37,53.0675,76.1036,-7.85,96,23,4.97
566,Maragogipe,BR,2022-12-07 17:25:37,-12.7778,-38.9194,85.8,58,54,8.05
567,Mto Wa Mbu,TZ,2022-12-07 17:25:38,-3.35,35.85,76.06,57,45,4.23
568,Zhangye,CN,2022-12-07 17:25:38,38.9342,100.4517,21.69,62,44,1.19
569,Umea,SE,2022-12-07 17:25:39,63.8284,20.2597,3.13,78,0,3.44
570,Roswell,US,2022-12-07 17:23:21,34.0232,-84.3616,68.59,96,100,6.91
571,Tecoanapa,MX,2022-12-07 17:25:39,16.5167,-98.75,83.93,60,2,3.67
572,Saint-Georges,GD,2022-12-07 17:25:40,12.0564,-61.7485,83.88,74,20,11.5
573,Lagos,NG,2022-12-07 17:25:40,6.5833,3.75,84.52,75,100,6.46
574,Aljezur,PT,2022-12-07 17:25:40,37.3191,-8.8033,62.35,91,100,15.55
575,Ciudad Bolivar,VE,2022-12-07 17:25:41,8.1222,-63.5497,84.16,50,100,7.45
576,Ocos,GT,2022-12-07 17:25:41,14.5094,-92.1933,84.38,65,2,3.65
577,Morehead,US,2022-12-07 17:25:42,37.2711,-87.1764,61.0,99,100,4.61
578,Springfield,US,2022-12-07 17:21:00,37.2153,-93.2982,50.18,93,100,4.61
579,Pangyan,PH,2022-12-07 17:25:42,5.7008,125.2811,78.21,83,90,2.62
